,pc_100,pc_100,pc_100,pc_98,pc_98,pc_98,pc_96,pc_96,pc_96,pc_94,pc_94,pc_94,pc_92,pc_92,pc_92,pc_90,pc_90,pc_90,history,history,history
,total_cost,deployment_cost,switching_cost,total_cost,deployment_cost,switching_cost,total_cost,deployment_cost,switching_cost,total_cost,deployment_cost,switching_cost,total_cost,deployment_cost,switching_cost,total_cost,deployment_cost,switching_cost,total_cost,deployment_cost,switching_cost
0,1.9618874999999998,1.9567499999999998,0.005137500000000001,1.9618874999999998,1.9567499999999998,0.005137500000000001,1.9618874999999998,1.9567499999999998,0.005137500000000001,1.9618874999999998,1.9567499999999998,0.005137500000000001,1.9618874999999998,1.9567499999999998,0.005137500000000001,2.043625,2.03925,0.004375,2.0694125,2.049,0.020412499999999993
