,pc_100,pc_100,pc_100,pc_98,pc_98,pc_98,pc_96,pc_96,pc_96,pc_94,pc_94,pc_94,pc_92,pc_92,pc_92,pc_90,pc_90,pc_90,history,history,history
,total_cost,deployment_cost,switching_cost,total_cost,deployment_cost,switching_cost,total_cost,deployment_cost,switching_cost,total_cost,deployment_cost,switching_cost,total_cost,deployment_cost,switching_cost,total_cost,deployment_cost,switching_cost,total_cost,deployment_cost,switching_cost
0,14.707262499999999,14.65125,0.05601249999999998,14.707262499999999,14.65125,0.05601249999999998,14.749274999999999,14.692499999999999,0.05677499999999998,14.665249999999999,14.61,0.05524999999999998,14.710262499999999,14.65425,0.05601249999999998,14.760525,14.70375,0.05677499999999998,17.097174999999996,14.605949999999998,2.491224999999997
1,14.707262499999999,14.65125,0.05601249999999998,14.707262499999999,14.65125,0.05601249999999998,14.707262499999999,14.65125,0.05601249999999998,14.711675,14.655,0.05667499999999999,14.5384625,14.4855,0.05296249999999998,14.7502,14.694749999999999,0.055449999999999985,17.097174999999996,14.605949999999998,2.491224999999997
2,14.707262499999999,14.65125,0.05601249999999998,14.707262499999999,14.65125,0.05601249999999998,14.707262499999999,14.65125,0.05601249999999998,14.707262499999999,14.65125,0.05601249999999998,14.632612499999999,14.5665,0.06611249999999995,14.661612499999999,14.6055,0.05611249999999998,17.097174999999996,14.605949999999998,2.491224999999997
3,14.707262499999999,14.65125,0.05601249999999998,14.707262499999999,14.65125,0.05601249999999998,14.707262499999999,14.65125,0.05601249999999998,14.707262499999999,14.65125,0.05601249999999998,14.707262499999999,14.65125,0.05601249999999998,14.835612499999998,14.779499999999999,0.05611249999999998,17.097174999999996,14.605949999999998,2.491224999999997
4,14.707262499999999,14.65125,0.05601249999999998,14.707262499999999,14.65125,0.05601249999999998,14.707262499999999,14.65125,0.05601249999999998,14.749274999999999,14.692499999999999,0.05677499999999998,14.663749999999999,14.6085,0.05524999999999998,14.578999999999999,14.52375,0.05524999999999998,17.097174999999996,14.605949999999998,2.491224999999997
